SKU,Product Name,Variant,Stock
"SLK-OMNI","SELKIRK BOOMSTIK OMNI","RED 16mm",""
"KAM-G","KAMITO ALPHA X","GREEN 16mm",""
"FRID-PINK","FRIDAY AURA PRO (NEW COLORWAY)","PINK 16mm",""
"VOLE-BLUE","VOLE PRONTO X","BLUE 16mm",""
"AD-4","SNKRHB ALL DAY","ORANGE 10mm",""
"AD-5","SNKRHB ALL DAY","ORANGE 10mm",""
"AD-6","SNKRHB ALL DAY","ORANGE 10mm",""
"AD-7","SNKRHB ALL DAY","ORANGE 10mm",""
"AD-8","SNKRHB ALL DAY","ORANGE 10mm",""
"AD-9","SNKRHB ALL DAY","ORANGE 10mm",""
"AD-10","SNKRHB ALL DAY","ORANGE 10mm",""
"AD-11","SNKRHB ALL DAY","ORANGE 10mm",""
"AD-12","SNKRHB ALL DAY","ORANGE 10mm",""
"AD-13","SNKRHB ALL DAY","ORANGE 10mm",""
"BASE-4","SNKRHB BASELINE","BLACK 10mm",""
"BASE-5","SNKRHB BASELINE","BLACK 10mm",""
"BASE-6","SNKRHB BASELINE","BLACK 10mm",""
"BASE-7","SNKRHB BASELINE","BLACK 10mm",""
"BASE-8","SNKRHB BASELINE","BLACK 10mm",""
"BASE-9","SNKRHB BASELINE","BLACK 10mm",""
"BASE-10","SNKRHB BASELINE","BLACK 10mm",""
"BASE-11","SNKRHB BASELINE","BLACK 10mm",""
"BASE-12","SNKRHB BASELINE","BLACK 10mm",""
"BASE-13","SNKRHB BASELINE","BLACK 10mm",""
"GDP-4","SNKRHB GAME DAY PRO","RED 10mm",""
"GDP-5","SNKRHB GAME DAY PRO","RED 10mm",""
"GDP-6","SNKRHB GAME DAY PRO","RED 10mm",""
"GDP-7","SNKRHB GAME DAY PRO","RED 10mm",""
"GDP-8","SNKRHB GAME DAY PRO","RED 10mm",""
"GDP-9","SNKRHB GAME DAY PRO","RED 10mm",""
"GDP-10","SNKRHB GAME DAY PRO","RED 10mm",""
"GDP-11","SNKRHB GAME DAY PRO","RED 10mm",""
"GDP-12","SNKRHB GAME DAY PRO","RED 10mm",""
"GDP-13","SNKRHB GAME DAY PRO","RED 10mm",""
"GD-4","SNKRHB GAME DAY","BLUE 10mm",""
"GD-5","SNKRHB GAME DAY","BLUE 10mm",""
"GD-6","SNKRHB GAME DAY","BLUE 10mm",""
"GD-7","SNKRHB GAME DAY","BLUE 10mm",""
"GD-8","SNKRHB GAME DAY","BLUE 10mm",""
"GD-9","SNKRHB GAME DAY","BLUE 10mm",""
"GD-10","SNKRHB GAME DAY","BLUE 10mm",""
"GD-11","SNKRHB GAME DAY","BLUE 10mm",""
"GD-12","SNKRHB GAME DAY","BLUE 10mm",""
"GD-13","SNKRHB GAME DAY","BLUE 10mm",""
"AURA-O","AURA PRO FRIDAY-CREAMSICLE","ORANGE 16mm",""
"JOOLA-SCO","JOOLA PRO V SCORPEUS- COLLIN JOHNS","GREEN 16mm",""
"LUZZ-GUNDAM","LUZZ CANNON GUNDAM","BLUE-RED 16mm",""
"HON-J2CR","HONOLULU J2CR CRYSTAL WHITE","BLUE GRIT 16mm",""
"JOOLA-PROV","JOOLA PRO 5","AGGASI (BLUE) 16mm",""
"RPM-FPB","RPM FRICTION PRO V2","BLACK 16mm",""
"ZOCKERASPIRE-SILV","ZOCKER ASPIRE SIGNATURE","SILVER 16mm",""
"DOMINUS-PINK","KAMITO DOMINUS","PINK 16mm",""
"DOMINUS-MG","KAMITO DOMINUS","MINT GREEN 16mm",""
"DOMINUS-R","KAMITO DOMINUS","RED 16mm",""
"PDL","PICKLE BALL PADDLES PADDLE","ALL 16mm",""
"TEST-SKU-1","TEST-RACE Mock Conflicting Batches","MOCK 16mm",""
"TENSHO-PAD","TENSHO PADDLE","RED 16mm",""
"DOMINUS-G","KAMITO DOMINUS","GREEN 16mm",""
"DOMINUS-P","KAMITO DOMINUS","PURPLE 16mm",""
"DOMINUS-BL","KAMITO DOMINUS","BLACK 16mm",""
"JOOLA-LIGHT BLUE","JOOLA PERSEUS-SIMON","PERSEUS SIMONE 16mm",""
"FRID-G","AURA PRO FRIDAY","GREEN 16mm",""
"FRID-P","AURA PRO FRIDAY","PURPLE 16mm",""
"FRID-S","AURA PRO FRIDAY","SILVER 16mm",""
"SILKIRK-1776","SELKIRK BOOMSTIK 1776","RED-BLUE 16mm",""
"ARRO-BOOST","ARRONAX BOOST 1","ASSORTED 16mm",""
"ARRO-THUN","ARRONAX THUNDER 10","ASSORTED 16mm",""
"LUZZ-GF","LUZZ CANNON GREEN FLAME","GREEN 16mm",""
"KAI-G","KAIWIN DIAMOND 3","GREEN 16mm",""
"VOLE-W","VOLE PRONTO X","WHITE 16mm",""
"VOLE-G","VOLE PRONTO X","GREEN 16mm",""
"B&B-B","LOCO BREAD & BUTTER","BLACK 16mm",""
"ZOCKERASPIRE-BL","ZOCKER ASPIRE SIGNATURE","BLACK 16mm",""
"ZOCKERASPIRE-G","ZOCKER ASPIRE SIGNATURE","GREEN 16mm",""
"ZOCKERASPIRE-O","ZOCKER ASPIRE SIGNATURE","ORANGE 16mm",""
"ZOCKERASPIRE-WP","ZOCKER ASPIRE SIGNATURE","WHITEPINK 16mm",""
"ZOCKERASPIRE-B","ZOCKER ASPIRE SIGNATURE","BLUE 16mm",""
"C45-P","FRANKLIN C45 PARIS TODD","PURPLE 13mm",""
"COREX-P","CORE X SLAMOPOUS","PINK 16mm",""
"COREX-S","CORE X SLAMOPOUS","SILVER 16mm",""
"LUZZ-E","LUZZ CANNON EXPLOSION","ORANGE 16mm",""
"ALPHA-B","KAMITO ALPHA X LIMITED","BLUE-HANOI CUP CHAMPIONS 16mm",""
"ALPHA-P","KAMITO ALPHA X LIMITED","PINK-HANOI CUP CHAMPIONS 16mm",""
"ALPHA-BLACK","KAMITO ALPHA X LIMITED","BLACK-HANOI CUP CHAMPIONS 16mm",""
"ALPHA-G","KAMITO ALPHA X LIMITED","GREEN-HANOI CUP CHAMPIONS 16mm",""
"ALPHA-R","KAMITO ALPHA X LIMITED","RED-HANOI CUP CHAMPIONS 16mm",""
"BNBLOCO-A","LOCO BREAD & BUTTER","AZUL 16mm",""
"STRIKE-W","STRIKE SKYWARRIOR","WHITE 16mm",""
"VELO-W","VELO SKY-WARRIOR","WHITE 16mm",""
"VELO-B","VELO SKY-WARRIOR","BLACK 16mm",""
"WIKA-BAOP","WIKA BAO FIRE EVOLUTION 2","PINK 16mm",""
"WIKA-BAOB","WIKA BAO FIRE EVOLUTION 2","BLUE 16mm",""
"WIKA-BAO0","WIKA BAO FIRE EVOLUTION 2","ORANGE 16mm",""
"KAI-S","KAIWIN DIAMOND 3","SILVER 16mm",""
"KAI-B","KAIWIN DIAMOND 3","BLUE 16mm",""
"KAI-R","KAIWIN DIAMOND 3","RED 16mm",""
"KAI-P","KAIWIN DIAMOND 3","PURPLE 16mm",""
"USA-TPA","USA THE PICKLE AREA","ASSORTED 16mm",""
"LUZZ-C","LUZZ CAT PAW","PINK 16mm",""
"SLK-008","SELKIRK LABS 008","INVIKTA 16mm",""
"FRK-C45A","FRANKLIN C45 AURELIUS","WHITE 16mm",""
"KAI-ROCKET","KAIWIN ROCKET","ASSORTED 16mm",""
"LOCO-B&B","LOCO BREAD AND BUTTER","TAN 16mm",""
"LUZZ-EXRED","LUZZ CANNON EX","RED 16mm",""
"WIKA-BFPINK","WIKA BAO FIRE","PINK 16mm",""
"WIKA-BFPURP","WIKA BAO FIRE","PURPLE 16mm",""
"WIKA-BFBLUE","WIKA BAO FIRE","BLUE 16mm",""
"WIKA-BFRED","WIKA BAO FIRE","RED 16mm",""
"Luz-P4F","luzz Inferno Frozen","frozen 16mm",""
"VOLE-R","VOLE PRONTO X","RED 16mm",""
"VOLE-O","VOLE PRONTO X","ORANGE 16mm",""
"VOLE-P","VOLE PRONTO X","PINK 16mm",""
"VOLE-BL","VOLE PRONTO X","BLACK 16mm",""
"Luz- CT","Luzz Cannon Trex","red 16mm",""
"SLK-DRED","SELKIRK DAUNTLESS","RED 16mm",""
"SLK-DGREEN","SELKIRK DAUNTLESS","GREEN 16mm",""
"Luz-KFP","luzz Cannon KFP Kung Fu Panda","silver 16mm",""
"Luz-Cex","Luzz Cannon EX","black 16mm",""
"JOL-SC-DB","JOOLA SCORPEUS-COLIN JOHNS","DARK BLUE 16mm",""
"CORE-X","CORE X SLAMOPUS","BLACK 16mm",""
"ARRO","ARRONAX Arronax Paddle","ASSORTED 16mm",""
"SLK-DAUNTLESS","SELKIRK DAUNTLESS","BLUE 16mm",""
"KAM-XVIOLET","KAMITO ALPHA-X","VIOLET-HER 16mm",""
"KAM-XBLUE","KAMITO ALPHA-X","BLUE-HER 16mm",""
"KAM-XPINK","KAMITO ALPHA-X","PINK-HER 16mm",""
"SLK-BSEV","SELKIRK BOOMSTIK","EVERGLADE 16mm",""
"SLK-BSJS","SELKIRK BOOMSTICK","BLUE (JACK SOCK) 16mm",""
"KAI-DIA","KAIWIN KAIWIN DIAMOND","Assorted 16mm",""
"WIKA-BAO","WIKAa BAO FIRE","assorted 16mm",""
"LIV-Set","live UP 9003 SET","black 13mm",""
"FRK-TW","FRANKLIN TOUR","WHITE 14mm",""
"FRK-C45YH","FRANKLIN C45","RED (Year of the Horse) 16mm",""
"JOO-P5RED","JOOLA PRO V","PERSEUS RED 16mm",""
"JOO-HYP-BLUE","JOOLA PRO V","HYPERION BLUE (BEN JOHN'S) 16mm",""
"JOO-KOS-GREEN","JOOLA PRO V","KOSMOS GREEN 14mm",""
"JOOL-SCOR-YEL","JOOLA PRO V","SCORPEUS YELLOW 16mm",""
"LUZ-CANB","LUZZ CANNON","BLACK 16mm",""
"LUZ-CANC","LUZZ CANNON","CANDY (PINK) 16mm",""
"LUZ-CANM","LUZZ CANNON","MINION (YELLOW) 16mm",""
"LIV-PS","LIVE UP PADDLE SET","GRAY 10mm",""
"SLK-BUS","SELKIRK BOOMSTIK","RED 16mm",""
"FRK-TB","FRANKLIN TOUR","BLUE 16mm",""
"FRK-TP","FRANKLIN TOUR","PINK 14mm",""
"FRK-C45P","FRANKLIN C45","PINK (PARIS) 16mm",""
"FRK-C45LB","FRANKLIN C45","LIGHT BLUE (HAYDEN) 16mm",""
"FRK-C45H","FRANKLIN C45","BLUE (HYBRID) 14mm",""
"FRK-C45D","FRANKLIN C45","GREEN (DYNASTY) 16mm",""
"KAM-x","KAMITO ALPHA-X","GREEN-HER 16mm",""
"WIKA-AIRG","WIKA AIR","GOLD 16mm",""
"WIKA-AIRB","WIKA AIR","BLUE 16mm",""
"WIKA-AIRBE","WIKA AIR","BEIGE 16mm",""
"WIKA-AIRP","WIKA AIR","PURPLE 16mm",""
"WIKA-AIRR","WIKA AIR","RED 16mm",""
"WIKA-FIRES","WIKA Fire","SILVER 16mm",""
"WIKA-FIRER","WIKA Fire","RED 16mm",""
"WIKA-FIREY","WIKA Fire","YELLOW 16mm",""
"WIKA-FIREB","WIKA Fire","BLUE 16mm",""
"WIKA-FIREP","WIKA Fire","PURPLE 16mm",""
"LIV-PLS","Live UP LS9002","BLUE 16mm",""
"FRK-SIGW","FRANKLIN Signature","White 1600mm",""
"Luz-PB","Luzz Pro Blade","Long Yuan 14mm",""
"LUZ-P4B","Luzz Pro Inferno","Blue Blaze 16mm",""
"LUZ-P4P","Luzz Pro Inferno","Pink 16mm",""
"LUZ-P4D","Luzz Pro Inferno","Darkness 16mm",""
"SYP-T5P","SYPIK Triton 5","PINK 16mm",""
"SYP-T5G","SYPIK Triton 5","GOLD 16mm",""
"SYP-T5MG","SYPIK Triton 5","MATCHA GREEN 16mm",""
"SYP-T5W","SYPIK Triton 5","WHITE 16mm",""
"SYP-T5MB","SYPIK Triton 5","MINT BLUE 16mm",""
